"subject_id","trial_number","categorical_condition","random_intercept","random_slope_trial","categorical_coded","fixed_categorical","interaction_term","random_error","log_rt","reaction_time","treshold","stand_TrialN"
"1",1,"Complex",-0.476692446815153,0.0169377405329328,0.5,-0.05,-0.017,0.0987562632761254,5.5520015569939,257.752947155308,198.677696846825,-1.64544826719043
"1",2,"Complex",-0.476692446815153,0.0169377405329328,0.5,-0.05,-0.034,0.0767774688847734,5.50996050313549,247.141365565819,203.785691823686,-1.47224318643355
"1",3,"Complex",-0.476692446815153,0.0169377405329328,0.5,-0.05,-0.051,0.0017369804660505,5.4148577552497,224.720578082541,203.746262320327,-1.29903810567666
"1",4,"Simple",-0.476692446815153,0.0169377405329328,-0.5,0.05,0.068,0.0431095280134619,5.67216804333004,290.664023963265,200.81848328723,-1.12583302491977
"1",5,"Complex",-0.476692446815153,0.0169377405329328,0.5,-0.05,-0.085,-0.0792581820938576,5.29373807375565,NA,220.34455952297,-0.952627944162882
"1",6,"Complex",-0.476692446815153,0.0169377405329328,0.5,-0.05,-0.102,0.0232031587331307,5.37613715511557,NA,218.52732290638,-0.779422863405995
"1",7,"Simple",-0.476692446815153,0.0169377405329328,-0.5,0.05,0.119,0.0278127078932108,5.69868444480859,298.474482915533,220.387991364626,-0.606217782649107
"1",8,"Complex",-0.476692446815153,0.0169377405329328,0.5,-0.05,-0.136,-0.0207622154616006,5.29204726198671,NA,230.995223392984,-0.433012701892219
"1",9,"Complex",-0.476692446815153,0.0169377405329328,0.5,-0.05,-0.153,-0.12453571122276,5.16821150675848,NA,229.301538397213,-0.259807621135332
"1",10,"Simple",-0.476692446815153,0.0169377405329328,-0.5,0.05,0.17,-0.0433643304974184,5.66932062801676,289.837559971923,212.80780487509,-0.0866025403784439
"1",11,"Complex",-0.476692446815153,0.0169377405329328,0.5,-0.05,-0.187,0.0880252619981009,5.34064796104521,NA,216.00032147013,0.0866025403784439
"1",12,"Simple",-0.476692446815153,0.0169377405329328,-0.5,0.05,0.204,0.037465497741735,5.77802593732177,323.120699900203,212.669999844516,0.259807621135332
"1",13,"Simple",-0.476692446815153,0.0169377405329328,-0.5,0.05,0.221,-0.0261140741973351,5.72838410591564,307.47202451338,199.537230768742,0.433012701892219
"1",14,"Complex",-0.476692446815153,0.0169377405329328,0.5,-0.05,-0.238,-0.0849044373353508,5.10753148331055,NA,214.26819658867,0.606217782649107
"1",15,"Simple",-0.476692446815153,0.0169377405329328,-0.5,0.05,0.255,0.0823311964898221,5.86470485766866,352.378139053073,213.469878856275,0.779422863405995
"1",16,"Simple",-0.476692446815153,0.0169377405329328,-0.5,0.05,0.272,0.012905633472137,5.80921703518391,333.358015870423,198.30125347338,0.952627944162882
"1",17,"Complex",-0.476692446815153,0.0169377405329328,0.5,-0.05,-0.289,-0.0349808244710686,5.09726831777364,NA,201.992292222877,1.12583302491977
"1",18,"Simple",-0.476692446815153,0.0169377405329328,-0.5,0.05,0.306,0.0359131413557993,5.86010002413344,350.75922665302,208.683713914559,1.29903810567666
"1",19,"Simple",-0.476692446815153,0.0169377405329328,-0.5,0.05,0.323,-0.128899115982465,5.7092255073281,301.637361866184,210.748239933051,1.47224318643355
"1",20,"Complex",-0.476692446815153,0.0169377405329328,0.5,-0.05,-0.34,-0.141143216405599,4.9309191474379,NA,217.302166367165,1.64544826719043
"2",1,"Complex",0.451947986586323,-0.00630770846410869,0.5,-0.05,-0.017,-0.0482260074889941,6.31041427063322,550.272863487203,222.67067367401,-1.64544826719043
"2",2,"Complex",0.451947986586323,-0.00630770846410869,0.5,-0.05,-0.034,-0.0242982081693233,6.29103436148878,539.711297045335,220.088873715859,-1.47224318643355
"2",3,"Simple",0.451947986586323,-0.00630770846410869,-0.5,0.05,0.051,0.0625000559442804,6.53652491713828,689.885000071798,198.978790827587,-1.29903810567666
"2",4,"Simple",0.451947986586323,-0.00630770846410869,-0.5,0.05,0.068,0.0324456849656542,6.49716283769554,663.257192771481,207.937339738897,-1.12583302491977
"2",5,"Complex",0.451947986586323,-0.00630770846410869,0.5,-0.05,-0.085,-0.00334145983107082,6.18206798443471,483.991809684849,193.907332536779,-0.952627944162882
"2",6,"Complex",0.451947986586323,-0.00630770846410869,0.5,-0.05,-0.102,-0.0641970475976064,6.07790468820406,436.114440973359,200.174571223854,-0.779422863405995
"2",7,"Simple",0.451947986586323,-0.00630770846410869,-0.5,0.05,0.119,-0.0427499082848002,6.39404411905276,598.271173796797,208.976668072789,-0.606217782649107
"2",8,"Complex",0.451947986586323,-0.00630770846410869,0.5,-0.05,-0.136,-0.00376850521544036,6.05171781365801,424.842203312908,205.770723084575,-0.433012701892219
"2",9,"Simple",0.451947986586323,-0.00630770846410869,-0.5,0.05,0.153,-0.048409928420198,6.36976868198915,583.922741420778,212.263624796165,-0.259807621135332
"2",10,"Complex",0.451947986586323,-0.00630770846410869,0.5,-0.05,-0.17,-0.031347465781819,5.93752343616342,378.995160610593,219.052184062618,-0.0866025403784439
"2",11,"Simple",0.451947986586323,-0.00630770846410869,-0.5,0.05,0.187,-0.0549802409020682,6.34458295257906,569.399873442393,208.469147487252,0.0866025403784439
"2",12,"Simple",0.451947986586323,-0.00630770846410869,-0.5,0.05,0.204,-0.045521810990524,6.34473367402649,569.485700683328,218.707205129638,0.259807621135332
"2",13,"Complex",0.451947986586323,-0.00630770846410869,0.5,-0.05,-0.221,-0.00921008593289575,5.82973769062002,340.269411506041,203.784591362005,0.433012701892219
"2",14,"Simple",0.451947986586323,-0.00630770846410869,-0.5,0.05,0.238,0.0235593629486438,6.39519943103745,598.962763077743,217.822021689913,0.606217782649107
"2",15,"Simple",0.451947986586323,-0.00630770846410869,-0.5,0.05,0.255,-0.00537460527618087,6.35695775434851,576.489862128753,207.735433230956,0.779422863405995
"2",16,"Simple",0.451947986586323,-0.00630770846410869,-0.5,0.05,0.272,0.0906627686845188,6.4436874198451,628.720888562545,209.064858467544,0.952627944162882
"2",17,"Complex",0.451947986586323,-0.00630770846410869,0.5,-0.05,-0.289,-0.0488216772155338,5.61689526548094,275.034148268966,211.149707939288,1.12583302491977
"2",18,"Complex",0.451947986586323,-0.00630770846410869,0.5,-0.05,-0.306,0.0484511465251423,5.67086038075751,290.284181904696,217.361785611501,1.29903810567666
"2",19,"Simple",0.451947986586323,-0.00630770846410869,-0.5,0.05,0.323,-0.0348409407318357,6.29026058503642,539.293842681615,215.448076067826,1.47224318643355
"2",20,"Complex",0.451947986586323,-0.00630770846410869,0.5,-0.05,-0.34,-0.00105151352664389,5.53474230377751,253.342493820811,215.362223612961,1.64544826719043
"3",1,"Simple",-0.346196959803779,-0.0476209840982992,-0.5,0.05,0.017,0.167124465462962,5.82030652156088,337.075358661725,204.334348863476,-1.64544826719043
"3",2,"Complex",-0.346196959803779,-0.0476209840982992,0.5,-0.05,-0.034,-0.108539299355013,5.32602177264461,NA,207.363558971907,-1.47224318643355
"3",3,"Simple",-0.346196959803779,-0.0476209840982992,-0.5,0.05,0.051,-0.0198796027628087,5.53206048513852,252.663985423728,218.902232462577,-1.29903810567666
"3",4,"Simple",-0.346196959803779,-0.0476209840982992,-0.5,0.05,0.068,0.0287158552569543,5.53003495905998,252.1527258917,200.748844049854,-1.12583302491977
"3",5,"Complex",-0.346196959803779,-0.0476209840982992,0.5,-0.05,-0.085,-0.107687229972332,5.07301088973239,NA,218.083143090941,-0.952627944162882
"3",6,"Complex",-0.346196959803779,-0.0476209840982992,0.5,-0.05,-0.102,-0.0154168091650589,5.08066032644137,NA,212.268754295174,-0.779422863405995
"3",7,"Complex",-0.346196959803779,-0.0476209840982992,0.5,-0.05,-0.119,0.0706910941407214,5.08214724564885,NA,209.210207787782,-0.606217782649107
"3",8,"Simple",-0.346196959803779,-0.0476209840982992,-0.5,0.05,0.136,0.0614449351097599,5.36028010251959,212.784539588731,209.413577698826,-0.433012701892219
"3",9,"Simple",-0.346196959803779,-0.0476209840982992,-0.5,0.05,0.153,0.0123190445555757,5.2605332278671,NA,204.823940910416,-0.259807621135332
"3",10,"Complex",-0.346196959803779,-0.0476209840982992,0.5,-0.05,-0.17,0.0207320563598311,4.77832525557306,NA,210.33971135009,-0.0866025403784439
"3",11,"Simple",-0.346196959803779,-0.0476209840982992,-0.5,0.05,0.187,0.0171904843164755,5.16416269943141,NA,205.376624900174,0.0866025403784439
"3",12,"Simple",-0.346196959803779,-0.0476209840982992,-0.5,0.05,0.204,-0.0904584948846624,5.00589273613197,NA,220.038737418262,0.259807621135332
"3",13,"Simple",-0.346196959803779,-0.0476209840982992,-0.5,0.05,0.221,-0.134798378509308,4.91093186840902,NA,207.210803415149,0.433012701892219
"3",14,"Complex",-0.346196959803779,-0.0476209840982992,0.5,-0.05,-0.238,0.101019696596299,4.52012895941633,NA,219.441907165951,0.606217782649107
"3",15,"Simple",-0.346196959803779,-0.0476209840982992,-0.5,0.05,0.255,0.0901459192285433,5.03463419795028,NA,205.455920606891,0.779422863405995
"3",16,"Complex",-0.346196959803779,-0.0476209840982992,0.5,-0.05,-0.272,-0.0622994177488251,4.18756787687461,NA,208.550654114637,0.952627944162882
"3",17,"Simple",-0.346196959803779,-0.0476209840982992,-0.5,0.05,0.289,0.0771350086038732,4.92038131912901,NA,208.47179720748,1.12583302491977
"3",18,"Complex",-0.346196959803779,-0.0476209840982992,0.5,-0.05,-0.306,0.0399734486769291,4.12059877510377,NA,205.791691249161,1.29903810567666
"3",19,"Complex",-0.346196959803779,-0.0476209840982992,0.5,-0.05,-0.323,-0.119382182254426,3.87662216007411,NA,206.624155567191,1.47224318643355
"3",20,"Complex",-0.346196959803779,-0.0476209840982992,0.5,-0.05,-0.34,-0.0289308517584804,3.88245250647176,NA,223.018584529149,1.64544826719043
"4",1,"Simple",-0.348773426528671,0.0265871307331575,-0.5,0.05,0.017,-0.039162111762103,5.68565159244238,294.609748007994,204.31838775897,-1.64544826719043
"4",2,"Complex",-0.348773426528671,0.0265871307331575,0.5,-0.05,-0.034,0.0406289312964491,5.62102976623409,276.173631135309,208.685605806827,-1.47224318643355
"4",3,"Complex",-0.348773426528671,0.0265871307331575,0.5,-0.05,-0.051,-0.00656795953660844,5.56342000613419,260.712953252058,202.838597814151,-1.29903810567666
"4",4,"Simple",-0.348773426528671,0.0265871307331575,-0.5,0.05,0.068,0.0456338318693959,5.84120892827336,344.195196549012,209.760543272934,-1.12583302491977
"4",5,"Complex",-0.348773426528671,0.0265871307331575,0.5,-0.05,-0.085,0.103346129385269,5.65250835652239,285.005465284717,206.355498378833,-0.952627944162882
"4",6,"Simple",-0.348773426528671,0.0265871307331575,-0.5,0.05,0.102,-0.0106414987645679,5.83210785910571,341.0768638629,227.967163804317,-0.779422863405995
"4",7,"Simple",-0.348773426528671,0.0265871307331575,-0.5,0.05,0.119,0.0579153476370283,5.92425183624046,373.998518523831,200.27227313147,-0.606217782649107
"4",8,"Complex",-0.348773426528671,0.0265871307331575,0.5,-0.05,-0.136,-0.057309066537335,5.46061455279925,235.241948549802,197.198358935784,-0.433012701892219
"4",9,"Simple",-0.348773426528671,0.0265871307331575,-0.5,0.05,0.153,-0.0702012873404539,5.84330946272929,344.918950287649,221.573670506618,-0.259807621135332
"4",10,"Simple",-0.348773426528671,0.0265871307331575,-0.5,0.05,0.17,0.0601518660105658,5.99724974681347,402.320786516156,220.672353621437,-0.0866025403784439
"4",11,"Complex",-0.348773426528671,0.0265871307331575,0.5,-0.05,-0.187,0.0518643234542203,5.53854933499028,254.308814842341,218.649312010238,0.0866025403784439
"4",12,"Complex",-0.348773426528671,0.0265871307331575,0.5,-0.05,-0.204,0.00723575682903938,5.48350789909826,240.689542849393,212.662533217427,0.259807621135332
"4",13,"Simple",-0.348773426528671,0.0265871307331575,-0.5,0.05,0.221,0.105540712162565,6.11339998516494,451.872466005938,204.854337605142,0.433012701892219
"4",14,"Complex",-0.348773426528671,0.0265871307331575,0.5,-0.05,-0.238,-0.174956192533684,5.28049021120185,NA,200.992565366978,0.606217782649107
"4",15,"Simple",-0.348773426528671,0.0265871307331575,-0.5,0.05,0.255,-0.0242472622175165,6.03078627225117,416.042023110186,192.442506449002,0.779422863405995
"4",16,"Complex",-0.348773426528671,0.0265871307331575,0.5,-0.05,-0.272,0.061806356883898,5.49642702208575,243.819213425452,205.629813542449,0.952627944162882
"4",17,"Simple",-0.348773426528671,0.0265871307331575,-0.5,0.05,0.289,0.00563688982455645,6.10784468575956,449.369138967833,227.547905869627,1.12583302491977
"4",18,"Simple",-0.348773426528671,0.0265871307331575,-0.5,0.05,0.306,-0.106791218944128,6.01900370772404,411.168747349079,205.826143383857,1.29903810567666
"4",19,"Complex",-0.348773426528671,0.0265871307331575,0.5,-0.05,-0.323,-0.0465460949716904,5.35683596242963,212.052940413627,200.07012155271,1.47224318643355
"4",20,"Complex",-0.348773426528671,0.0265871307331575,0.5,-0.05,-0.34,0.0902735804102496,5.48324276854473,240.625737156462,206.196260425065,1.64544826719043
"5",1,"Simple",0.147088893112379,0.0109382332577526,-0.5,0.05,0.017,0.0101818078042477,6.21520893417438,500.300508145073,201.37916588803,-1.64544826719043
"5",2,"Complex",0.147088893112379,0.0109382332577526,0.5,-0.05,-0.034,-0.0403259084603436,6.00463945116754,405.30483020502,208.154806695011,-1.47224318643355
"5",3,"Complex",0.147088893112379,0.0109382332577526,0.5,-0.05,-0.051,-0.0816334350742881,5.93727015781135,378.8991814961,215.301042548797,-1.29903810567666
"5",4,"Simple",0.147088893112379,0.0109382332577526,-0.5,0.05,0.068,-0.130263719632713,6.09857810651067,445.224258321931,191.616096969266,-1.12583302491977
"5",5,"Simple",0.147088893112379,0.0109382332577526,-0.5,0.05,0.085,-0.152360720372937,6.08441933902821,438.964848900746,206.285102036628,-0.952627944162882
"5",6,"Complex",0.147088893112379,0.0109382332577526,0.5,-0.05,-0.102,0.0379684428639249,5.97868673552282,394.921391218558,205.814095181863,-0.779422863405995
"5",7,"Complex",0.147088893112379,0.0109382332577526,0.5,-0.05,-0.119,-0.121541457794783,5.79311506812186,328.033280482258,205.199962525006,-0.606217782649107
"5",8,"Simple",0.147088893112379,0.0109382332577526,-0.5,0.05,0.136,-0.0247819144892131,6.23581284468519,510.715582221545,207.531753994724,-0.433012701892219
"5",9,"Simple",0.147088893112379,0.0109382332577526,-0.5,0.05,0.153,-0.107219706693904,6.16131328573825,474.050229617683,220.592832794936,-0.259807621135332
"5",10,"Simple",0.147088893112379,0.0109382332577526,-0.5,0.05,0.17,0.0328240875677316,6.30929531325764,549.657475968429,219.699348660757,-0.0866025403784439
"5",11,"Complex",0.147088893112379,0.0109382332577526,0.5,-0.05,-0.187,0.0179287027817651,5.82833816172942,339.793527718283,212.650276593133,0.0866025403784439
"5",12,"Complex",0.147088893112379,0.0109382332577526,0.5,-0.05,-0.204,0.0911500328912337,5.87549772509664,356.201907185779,222.00144596891,0.259807621135332
"5",13,"Complex",0.147088893112379,0.0109382332577526,0.5,-0.05,-0.221,0.149623560605609,5.90790948606877,367.936175162577,208.347273473043,0.433012701892219
"5",14,"Simple",0.147088893112379,0.0109382332577526,-0.5,0.05,0.238,-0.146177700008238,6.16204645871268,474.397917876804,224.102567291323,0.606217782649107
"5",15,"Complex",0.147088893112379,0.0109382332577526,0.5,-0.05,-0.255,-0.0750393634009481,5.63112302857772,278.975238943851,199.266378463086,0.779422863405995
"5",16,"Simple",0.147088893112379,0.0109382332577526,-0.5,0.05,0.272,-0.0298365838505233,6.2942640413859,541.457209623416,218.500757781796,0.952627944162882
"5",17,"Simple",0.147088893112379,0.0109382332577526,-0.5,0.05,0.289,0.0322645006267839,6.36430335912096,580.740120057499,220.55748553581,1.12583302491977
"5",18,"Complex",0.147088893112379,0.0109382332577526,0.5,-0.05,-0.306,-0.0118735848471943,5.61610350690473,274.816473807505,187.14217854887,1.29903810567666
"5",19,"Simple",0.147088893112379,0.0109382332577526,-0.5,0.05,0.323,-0.10514985448472,6.24276547052496,514.27876897402,201.222587044774,1.47224318643355
"5",20,"Simple",0.147088893112379,0.0109382332577526,-0.5,0.05,0.34,0.073436313299423,6.42928987156685,619.733701193125,198.145049487835,1.64544826719043
"6",1,"Complex",0.314542434203081,-0.0335486214983108,0.5,-0.05,-0.017,-0.0367017012954927,6.15729211140928,472.147818530489,204.851595057423,-1.64544826719043
"6",2,"Simple",0.314542434203081,-0.0335486214983108,-0.5,0.05,0.034,0.00671636239963049,6.29816155360609,543.571663593075,208.369329965584,-1.47224318643355
"6",3,"Complex",0.314542434203081,-0.0335486214983108,0.5,-0.05,-0.051,-0.0588004467643525,5.9940961229438,401.054016588346,193.95793612724,-1.29903810567666
"6",4,"Simple",0.314542434203081,-0.0335486214983108,-0.5,0.05,0.068,0.0105484476571913,6.22889639586703,507.195431540338,221.396049146401,-1.12583302491977
"6",5,"Complex",0.314542434203081,-0.0335486214983108,0.5,-0.05,-0.085,-0.00945503162407265,5.90234429508746,365.894227264032,211.600326310819,-0.952627944162882
"6",6,"Simple",0.314542434203081,-0.0335486214983108,-0.5,0.05,0.102,0.060545758554282,6.2057964637675,495.613537009475,184.57167587204,-0.779422863405995
"6",7,"Simple",0.314542434203081,-0.0335486214983108,-0.5,0.05,0.119,-0.117134364327063,5.99156771938784,400.041271040921,203.975251690553,-0.606217782649107
"6",8,"Complex",0.314542434203081,-0.0335486214983108,0.5,-0.05,-0.136,-0.0332889384287824,5.66686452378781,289.126562214889,216.400037435137,-0.433012701892219
"6",9,"Simple",0.314542434203081,-0.0335486214983108,-0.5,0.05,0.153,-0.0470173513466992,5.98858748937158,398.850830811177,201.26800548678,-0.259807621135332
"6",10,"Complex",0.314542434203081,-0.0335486214983108,0.5,-0.05,-0.17,0.0312230258366752,5.59027924505665,267.81039400163,203.580989887661,-0.0866025403784439
"6",11,"Simple",0.314542434203081,-0.0335486214983108,-0.5,0.05,0.187,-0.0437038501636942,5.91880374755797,371.966481812083,206.256608919194,0.0866025403784439
"6",12,"Complex",0.314542434203081,-0.0335486214983108,0.5,-0.05,-0.204,-0.0286679239239792,5.38929105229937,219.048036891341,193.743978051618,0.259807621135332
"6",13,"Simple",0.314542434203081,-0.0335486214983108,-0.5,0.05,0.221,-0.0204413355821708,5.86896901914287,353.883944555201,204.928736723952,0.433012701892219
"6",14,"Simple",0.314542434203081,-0.0335486214983108,-0.5,0.05,0.238,-0.0591447697918581,5.79371696343487,328.23078160783,221.157736233993,0.606217782649107
"6",15,"Complex",0.314542434203081,-0.0335486214983108,0.5,-0.05,-0.255,0.021688291542505,5.22800140327092,NA,217.098309145987,0.779422863405995
"6",16,"Complex",0.314542434203081,-0.0335486214983108,0.5,-0.05,-0.272,0.0424000227679769,5.17816451299808,NA,210.618170732741,0.952627944162882
"6",17,"Simple",0.314542434203081,-0.0335486214983108,-0.5,0.05,0.289,-0.12060037052996,5.62261549820184,276.611915900089,212.68632229598,1.12583302491977
"6",18,"Simple",0.314542434203081,-0.0335486214983108,-0.5,0.05,0.306,-0.071141280561746,5.63552596667174,280.206257711703,191.324733565495,1.29903810567666
"6",19,"Simple",0.314542434203081,-0.0335486214983108,-0.5,0.05,0.323,-0.0123474231695009,5.65777120256567,286.50935907958,213.566944521566,1.47224318643355
"6",20,"Complex",0.314542434203081,-0.0335486214983108,0.5,-0.05,-0.34,-0.0129150707803182,4.84065493345655,NA,212.982136371061,1.64544826719043
"7",1,"Complex",-0.292163037733233,0.000711840533532446,0.5,-0.05,-0.017,0.22456079602178,5.84610959882208,345.88612376617,216.96330786884,-1.64544826719043
"7",2,"Simple",-0.292163037733233,0.000711840533532446,-0.5,0.05,0.034,-0.117326193634821,5.63593444969901,280.320740592678,211.007349520623,-1.47224318643355
"7",3,"Complex",-0.292163037733233,0.000711840533532446,0.5,-0.05,-0.051,-0.0300591633735593,5.51891332049381,249.363911250933,193.700150804749,-1.29903810567666
"7",4,"Simple",-0.292163037733233,0.000711840533532446,-0.5,0.05,0.068,0.066129393898806,5.8148137182997,335.22894566639,228.277941985483,-1.12583302491977
"7",5,"Simple",-0.292163037733233,0.000711840533532446,-0.5,0.05,0.085,-0.00991460153087725,5.73648156340355,309.971873712577,233.09204854024,-0.952627944162882
"7",6,"Complex",-0.292163037733233,0.000711840533532446,0.5,-0.05,-0.102,0.00115418492465913,5.44126219039262,230.733229009469,210.648447497247,-0.779422863405995
"7",7,"Simple",-0.292163037733233,0.000711840533532446,-0.5,0.05,0.119,-0.0128411902408531,5.72897865576064,307.654886312738,209.378286253176,-0.606217782649107
"7",8,"Simple",-0.292163037733233,0.000711840533532446,-0.5,0.05,0.136,-0.106076434372453,5.63345525216257,279.626630876262,222.046992374918,-0.433012701892219
"7",9,"Simple",-0.292163037733233,0.000711840533532446,-0.5,0.05,0.153,-0.0355430069215193,5.70170052014704,299.376063376458,223.895356535818,-0.259807621135332
"7",10,"Complex",-0.292163037733233,0.000711840533532446,0.5,-0.05,-0.17,-0.0532544971249819,5.24170087047711,NA,199.09390496778,-0.0866025403784439
"7",11,"Simple",-0.292163037733233,0.000711840533532446,-0.5,0.05,0.187,-0.0159854469757414,5.71668176115988,303.894852353563,213.306354447926,0.0866025403784439
"7",12,"Complex",-0.292163037733233,0.000711840533532446,0.5,-0.05,-0.204,-0.135382611432259,5.0869964372369,NA,207.771358614349,0.259807621135332
"7",13,"Simple",-0.292163037733233,0.000711840533532446,-0.5,0.05,0.221,-0.0425601757900973,5.68553071341259,294.574138019781,228.029845528645,0.433012701892219
"7",14,"Complex",-0.292163037733233,0.000711840533532446,0.5,-0.05,-0.238,0.00541247569129329,5.15521520542751,NA,220.72084059189,0.606217782649107
"7",15,"Complex",-0.292163037733233,0.000711840533532446,0.5,-0.05,-0.255,0.0948841027101246,5.20839867297988,NA,221.856823302559,0.779422863405995
"7",16,"Simple",-0.292163037733233,0.000711840533532446,-0.5,0.05,0.272,-0.00725048367333186,5.71397592712995,303.073674806644,211.501326490548,0.952627944162882
"7",17,"Complex",-0.292163037733233,0.000711840533532446,0.5,-0.05,-0.289,-0.0683678615267632,4.97257038981006,NA,202.116577945099,1.12583302491977
"7",18,"Complex",-0.292163037733233,0.000711840533532446,0.5,-0.05,-0.306,0.137581053926237,5.14223114579659,NA,210.996817573217,1.29903810567666
"7",19,"Simple",-0.292163037733233,0.000711840533532446,-0.5,0.05,0.323,0.0848650608797406,5.79922699328363,330.044334789498,215.133375630028,1.47224318643355
"7",20,"Complex",-0.292163037733233,0.000711840533532446,0.5,-0.05,-0.34,0.178877217521045,5.11095099045846,NA,188.186539347325,1.64544826719043
"8",1,"Complex",0.125002092964459,-0.0203455236509814,0.5,-0.05,-0.017,0.0731761774377076,6.09083274675119,441.789156490125,207.281104435511,-1.64544826719043
"8",2,"Complex",0.125002092964459,-0.0203455236509814,0.5,-0.05,-0.034,-0.0109711093514546,5.94933993631104,383.5001209957,194.335121844465,-1.47224318643355
"8",3,"Simple",0.125002092964459,-0.0203455236509814,-0.5,0.05,0.051,0.0733435322414494,6.17830905425296,482.17593327815,196.179061110598,-1.29903810567666
"8",4,"Complex",0.125002092964459,-0.0203455236509814,0.5,-0.05,-0.068,0.0511637569433122,5.89678375530385,363.865304038682,203.359118847729,-1.12583302491977
"8",5,"Complex",0.125002092964459,-0.0203455236509814,0.5,-0.05,-0.085,0.0815198962723497,5.8697943709819,354.176143886684,210.244557762154,-0.952627944162882
"8",6,"Simple",0.125002092964459,-0.0203455236509814,-0.5,0.05,0.102,0.108446174081568,6.14337512514014,465.622455834891,216.87773535039,-0.779422863405995
"8",7,"Simple",0.125002092964459,-0.0203455236509814,-0.5,0.05,0.119,0.0603710706782535,6.07195449808584,433.527182110759,215.77460196453,-0.606217782649107
"8",8,"Complex",0.125002092964459,-0.0203455236509814,0.5,-0.05,-0.136,-0.0150563870688254,5.60118151668778,270.74610956886,211.497801296649,-0.433012701892219
"8",9,"Simple",0.125002092964459,-0.0203455236509814,-0.5,0.05,0.153,-0.044841259117017,5.92005112098861,372.430752417796,210.769239900723,-0.259807621135332
"8",10,"Simple",0.125002092964459,-0.0203455236509814,-0.5,0.05,0.17,-0.012299410220221,5.92924744623442,375.871543817349,190.519026736118,-0.0866025403784439
"8",11,"Simple",0.125002092964459,-0.0203455236509814,-0.5,0.05,0.187,-0.0528499015496703,5.86535143125399,352.606051122855,218.026985839605,0.0866025403784439
"8",12,"Complex",0.125002092964459,-0.0203455236509814,0.5,-0.05,-0.204,-0.0249517788932776,5.3619040302594,NA,213.326658778828,0.259807621135332
"8",13,"Simple",0.125002092964459,-0.0203455236509814,-0.5,0.05,0.221,-0.112076310785921,5.75943397471578,317.16875256695,223.790946843697,0.433012701892219
"8",14,"Complex",0.125002092964459,-0.0203455236509814,0.5,-0.05,-0.238,0.0911338730393093,5.36329863489003,213.427806982705,206.678666923185,0.606217782649107
"8",15,"Simple",0.125002092964459,-0.0203455236509814,-0.5,0.05,0.255,0.0330095506917043,5.85782878889144,349.963473948858,213.409898798075,0.779422863405995
"8",16,"Complex",0.125002092964459,-0.0203455236509814,0.5,-0.05,-0.272,0.0622815318212438,5.21975524637,NA,197.485098550671,0.952627944162882
"8",17,"Simple",0.125002092964459,-0.0203455236509814,-0.5,0.05,0.289,-0.127304857482,5.65082333341577,284.525628871456,206.098150257468,1.12583302491977
"8",18,"Complex",0.125002092964459,-0.0203455236509814,0.5,-0.05,-0.306,-0.0717217478213471,4.97106091942545,NA,229.487419595313,1.29903810567666
"8",19,"Simple",0.125002092964459,-0.0203455236509814,-0.5,0.05,0.323,-0.0277413016463007,5.70369584194951,299.974011313745,209.376408541862,1.47224318643355
"8",20,"Complex",0.125002092964459,-0.0203455236509814,0.5,-0.05,-0.34,0.0787609192483529,5.00685253919318,NA,233.414117851245,1.64544826719043
"9",1,"Simple",-0.0762705056496988,0.0274604342809819,-0.5,0.05,0.017,-0.0338008502763033,5.96438907835498,389.315114374822,196.010056811817,-1.64544826719043
"9",2,"Simple",-0.0762705056496988,0.0274604342809819,-0.5,0.05,0.034,-0.0315399016408461,5.99111046127142,399.858390737771,187.245773480406,-1.47224318643355
"9",3,"Complex",-0.0762705056496988,0.0274604342809819,0.5,-0.05,-0.051,-0.07341595443561,5.77169484275764,321.081454333311,205.3844037924,-1.29903810567666
"9",4,"Simple",-0.0762705056496988,0.0274604342809819,-0.5,0.05,0.068,0.069788474666818,6.14135970614105,464.684976515143,217.755186841158,-1.12583302491977
"9",5,"Complex",-0.0762705056496988,0.0274604342809819,0.5,-0.05,-0.085,-0.010681679472612,5.8153499862826,335.40876642864,197.766038994469,-0.952627944162882
"9",6,"Simple",-0.0762705056496988,0.0274604342809819,-0.5,0.05,0.102,0.0651253252913574,6.18561742532755,485.712762409142,216.260171155583,-0.779422863405995
"9",7,"Simple",-0.0762705056496988,0.0274604342809819,-0.5,0.05,0.119,-0.0169399803256993,6.12801255399147,458.523962888409,222.839361152961,-0.606217782649107
"9",8,"Simple",-0.0762705056496988,0.0274604342809819,-0.5,0.05,0.136,-0.0712676880952132,6.09814528050294,445.031595381429,213.997427640749,-0.433012701892219
"9",9,"Complex",-0.0762705056496988,0.0274604342809819,0.5,-0.05,-0.153,0.0269143637664994,5.81478776664564,335.220246033645,224.560703274657,-0.259807621135332
"9",10,"Simple",-0.0762705056496988,0.0274604342809819,-0.5,0.05,0.17,0.029968463590243,6.24830230075036,517.134140766144,202.442146569278,-0.0866025403784439
"9",11,"Simple",-0.0762705056496988,0.0274604342809819,-0.5,0.05,0.187,-0.0400463094920134,6.20274796194909,494.104958860601,212.299155882877,0.0866025403784439
"9",12,"Complex",-0.0762705056496988,0.0274604342809819,0.5,-0.05,-0.204,0.0519113155300724,5.81116602125216,334.008359548614,223.962199457751,0.259807621135332
"9",13,"Simple",-0.0762705056496988,0.0274604342809819,-0.5,0.05,0.221,0.0289435407566645,6.32065868075973,555.939058239167,204.313090120149,0.433012701892219
"9",14,"Simple",-0.0762705056496988,0.0274604342809819,-0.5,0.05,0.238,0.0617278957048849,6.37790346998893,588.692202104787,213.835507715727,0.606217782649107
"9",15,"Complex",-0.0762705056496988,0.0274604342809819,0.5,-0.05,-0.255,0.0169952959750645,5.74763130454009,313.447319017231,201.488640980721,0.779422863405995
"9",16,"Simple",-0.0762705056496988,0.0274604342809819,-0.5,0.05,0.272,0.00809527938663821,6.37319172223265,585.924957341563,221.367284780142,0.952627944162882
"9",17,"Complex",-0.0762705056496988,0.0274604342809819,0.5,-0.05,-0.289,0.0359102700688879,5.74746714719588,313.395868560891,207.156813159811,1.12583302491977
"9",18,"Simple",-0.0762705056496988,0.0274604342809819,-0.5,0.05,0.306,0.0902105139022797,6.50422782531025,667.959688601143,216.436424762738,1.29903810567666
"9",19,"Complex",-0.0762705056496988,0.0274604342809819,0.5,-0.05,-0.323,-0.0281527545973754,5.66432499109158,288.393247389393,214.532754724568,1.47224318643355
"9",20,"Complex",-0.0762705056496988,0.0274604342809819,0.5,-0.05,-0.34,-0.0719769178619975,5.61096126210794,273.406927447229,206.929439456639,1.64544826719043
"10",1,"Complex",-0.555018689105438,0.00801401017972919,0.5,-0.05,-0.017,0.162550477455679,5.52854579852997,251.777509452864,217.005813848737,-1.64544826719043
"10",2,"Simple",-0.555018689105438,0.00801401017972919,-0.5,0.05,0.034,0.0941717268783218,5.59918105813234,270.20503457711,224.62915696996,-1.47224318643355
"10",3,"Complex",-0.555018689105438,0.00801401017972919,0.5,-0.05,-0.051,-0.116610277768693,5.19141306366506,NA,195.302149976944,-1.29903810567666
"10",4,"Complex",-0.555018689105438,0.00801401017972919,0.5,-0.05,-0.068,-0.0769294176700405,5.20210793394344,NA,209.69069747738,-1.12583302491977
"10",5,"Simple",-0.555018689105438,0.00801401017972919,-0.5,0.05,0.085,-0.162881048769352,5.35717031302386,212.123852294315,210.703406140274,-0.952627944162882
"10",6,"Simple",-0.555018689105438,0.00801401017972919,-0.5,0.05,0.102,-0.0260619927307181,5.49900337924222,244.448188685394,203.632421580186,-0.779422863405995
"10",7,"Simple",-0.555018689105438,0.00801401017972919,-0.5,0.05,0.119,-0.0825585409773777,5.44752084117529,232.181836148321,203.307300589328,-0.606217782649107
"10",8,"Complex",-0.555018689105438,0.00801401017972919,0.5,-0.05,-0.136,0.11656629304316,5.27965968537556,NA,209.040572933876,-0.433012701892219
"10",9,"Complex",-0.555018689105438,0.00801401017972919,0.5,-0.05,-0.153,0.0334348356150458,5.16754223812717,NA,217.354409068583,-0.259807621135332
"10",10,"Complex",-0.555018689105438,0.00801401017972919,0.5,-0.05,-0.17,-0.0234393661995046,5.08168204649235,NA,205.08874759798,-0.0866025403784439
"10",11,"Simple",-0.555018689105438,0.00801401017972919,-0.5,0.05,0.187,-0.0668314009540855,5.4833040219175,240.640476745858,220.447482352352,0.0866025403784439
"10",12,"Complex",-0.555018689105438,0.00801401017972919,0.5,-0.05,-0.204,-0.0484162339956116,4.9987331990557,NA,229.636707502289,0.259807621135332
"10",13,"Simple",-0.555018689105438,0.00801401017972919,-0.5,0.05,0.221,0.100748915025106,5.66091235825615,287.410744538105,210.863896898708,0.433012701892219
"10",14,"Simple",-0.555018689105438,0.00801401017972919,-0.5,0.05,0.238,0.00421359369854582,5.56939104710932,262.274337885439,210.863200911227,0.606217782649107
"10",15,"Complex",-0.555018689105438,0.00801401017972919,0.5,-0.05,-0.255,-0.00828447834431272,4.95190698524619,NA,201.314667428118,0.779422863405995
"10",16,"Simple",-0.555018689105438,0.00801401017972919,-0.5,0.05,0.272,-0.0731477199083913,5.50205775386184,245.195966444083,210.810000423654,0.952627944162882
"10",17,"Complex",-0.555018689105438,0.00801401017972919,0.5,-0.05,-0.289,-0.0250460000127236,4.87717348393724,NA,219.62096397691,1.12583302491977
"10",18,"Complex",-0.555018689105438,0.00801401017972919,0.5,-0.05,-0.306,0.0188798114664063,4.89211330559609,NA,197.477202041711,1.29903810567666
"10",19,"Simple",-0.555018689105438,0.00801401017972919,-0.5,0.05,0.323,0.0302050763520452,5.62045258066146,276.014273693709,212.960881320627,1.47224318643355
"10",20,"Simple",-0.555018689105438,0.00801401017972919,-0.5,0.05,0.34,0.105812950378119,5.70107446486726,299.188696068609,200.621712382663,1.64544826719043
"11",1,"Complex",-0.0281517633381402,0.00338760820410957,0.5,-0.05,-0.017,-0.00405228838835567,5.88418355647761,359.309292465442,207.433819304953,-1.64544826719043
"11",2,"Simple",-0.0281517633381402,0.00338760820410957,-0.5,0.05,0.034,0.0108572000037825,6.03348065307386,417.164510283567,219.831836110969,-1.47224318643355
"11",3,"Complex",-0.0281517633381402,0.00338760820410957,0.5,-0.05,-0.051,-0.0827818007822248,5.73822926049196,310.514084325696,204.66309668654,-1.29903810567666
"11",4,"Simple",-0.0281517633381402,0.00338760820410957,-0.5,0.05,0.068,-0.0636848488826063,5.95971382059569,387.499214074184,208.745115591276,-1.12583302491977
"11",5,"Complex",-0.0281517633381402,0.00338760820410957,0.5,-0.05,-0.085,-0.0125750519303507,5.74121122575206,311.441408474968,206.867899516744,-0.952627944162882
"11",6,"Simple",-0.0281517633381402,0.00338760820410957,-0.5,0.05,0.102,0.0108475886561354,6.03502147454265,417.807781773023,201.350520786194,-0.779422863405995
"11",7,"Simple",-0.0281517633381402,0.00338760820410957,-0.5,0.05,0.119,-0.0112607096820709,6.01330078440856,408.830557110182,201.657486266358,-0.606217782649107
"11",8,"Simple",-0.0281517633381402,0.00338760820410957,-0.5,0.05,0.136,-0.0726962299139759,5.95225287238076,384.61886094881,214.934871171966,-0.433012701892219
"11",9,"Complex",-0.0281517633381402,0.00338760820410957,0.5,-0.05,-0.153,-0.0106178623220381,5.60871884817681,272.794522833191,200.811325789004,-0.259807621135332
"11",10,"Simple",-0.0281517633381402,0.00338760820410957,-0.5,0.05,0.17,0.0488205541016454,6.0745448728046,434.651635712524,194.109597792005,-0.0866025403784439
"11",11,"Complex",-0.0281517633381402,0.00338760820410957,0.5,-0.05,-0.187,0.000848565616277037,5.55296049252334,258.000234161351,197.45218859263,0.0866025403784439
"11",12,"Simple",-0.0281517633381402,0.00338760820410957,-0.5,0.05,0.204,-0.0718233748661412,5.95467616024503,385.552033382978,205.210163699219,0.259807621135332
"11",13,"Simple",-0.0281517633381402,0.00338760820410957,-0.5,0.05,0.221,-0.146727314463883,5.8801598288514,357.866434519384,200.412143195641,0.433012701892219
"11",14,"Complex",-0.0281517633381402,0.00338760820410957,0.5,-0.05,-0.238,-0.104181047003393,5.347093704516,209.997096517764,207.055069171624,0.606217782649107
"11",15,"Simple",-0.0281517633381402,0.00338760820410957,-0.5,0.05,0.255,0.0173966435980457,6.04505900332155,422.022657486723,223.540258106882,0.779422863405995
"11",16,"Simple",-0.0281517633381402,0.00338760820410957,-0.5,0.05,0.272,0.0697158279361603,6.09776579586377,444.86274476717,208.802056946518,0.952627944162882
"11",17,"Complex",-0.0281517633381402,0.00338760820410957,0.5,-0.05,-0.289,-0.0304692239678393,5.31996835216388,NA,211.208566166528,1.12583302491977
"11",18,"Complex",-0.0281517633381402,0.00338760820410957,0.5,-0.05,-0.306,0.189650608776954,5.50647579311279,246.281648374741,201.042264310217,1.29903810567666
"11",19,"Simple",-0.0281517633381402,0.00338760820410957,-0.5,0.05,0.323,0.0627548712247425,6.09196766376468,442.290835148178,206.151424884448,1.47224318643355
"11",20,"Complex",-0.0281517633381402,0.00338760820410957,0.5,-0.05,-0.34,0.0116760780436652,5.26127647878772,NA,216.404631866893,1.64544826719043
"12",1,"Simple",0.0819824028489405,-0.0234386223187531,-0.5,0.05,0.017,0.156890115353388,6.26243389588358,524.493951525644,207.605344374498,-1.64544826719043
"12",2,"Simple",0.0819824028489405,-0.0234386223187531,-0.5,0.05,0.034,-0.050977313792541,6.02812784441889,414.937474248778,201.472501230171,-1.47224318643355
"12",3,"Complex",0.0819824028489405,-0.0234386223187531,0.5,-0.05,-0.051,0.12233001623602,5.9729965521287,392.680597386259,210.314188458112,-1.29903810567666
"12",4,"Complex",0.0819824028489405,-0.0234386223187531,0.5,-0.05,-0.068,-0.0792048575425009,5.71102305603143,302.180057329515,207.640144879099,-1.12583302491977
"12",5,"Complex",0.0819824028489405,-0.0234386223187531,0.5,-0.05,-0.085,-0.144577670018633,5.58521162123654,266.45666466231,183.09742919449,-0.952627944162882
"12",6,"Simple",0.0819824028489405,-0.0234386223187531,-0.5,0.05,0.102,-0.154550674018149,5.81879999491827,336.567927978229,212.254679549759,-0.779422863405995
"12",7,"Complex",0.0819824028489405,-0.0234386223187531,0.5,-0.05,-0.119,-0.0754829862508744,5.5334290603668,253.010011822827,205.221805349834,-0.606217782649107
"12",8,"Simple",0.0819824028489405,-0.0234386223187531,-0.5,0.05,0.136,-0.0366578717287752,5.88381555257014,359.177089568907,196.926133581302,-0.433012701892219
"12",9,"Simple",0.0819824028489405,-0.0234386223187531,-0.5,0.05,0.153,-0.122711788516613,5.77132301346355,320.962089035934,213.045988129753,-0.259807621135332
"12",10,"Simple",0.0819824028489405,-0.0234386223187531,-0.5,0.05,0.17,-0.111722130963943,5.75587404869747,316.041662641174,207.154767845622,-0.0866025403784439
"12",11,"Complex",0.0819824028489405,-0.0234386223187531,0.5,-0.05,-0.187,0.0199015201122001,5.38705907745486,218.559672394636,199.779913216179,0.0866025403784439
"12",12,"Complex",0.0819824028489405,-0.0234386223187531,0.5,-0.05,-0.204,0.0397112249938171,5.34643016001772,NA,216.403821737167,0.259807621135332
"12",13,"Simple",0.0819824028489405,-0.0234386223187531,-0.5,0.05,0.221,-0.0473127129166951,5.74096759978846,311.365542503559,198.072849357525,0.433012701892219
"12",14,"Complex",0.0819824028489405,-0.0234386223187531,0.5,-0.05,-0.238,-0.017527798776795,5.1683138916096,NA,216.012853997479,0.606217782649107
"12",15,"Simple",0.0819824028489405,-0.0234386223187531,-0.5,0.05,0.255,0.0489035842689857,5.78430665233663,325.156515427959,211.461613991365,0.779422863405995
"12",16,"Simple",0.0819824028489405,-0.0234386223187531,-0.5,0.05,0.272,0.0310772390474983,5.74004168479639,311.077377908289,233.997465663089,0.952627944162882
"12",17,"Complex",0.0819824028489405,-0.0234386223187531,0.5,-0.05,-0.289,-0.00345081706058418,5.00107500636955,NA,212.843418937133,1.12583302491977
"12",18,"Complex",0.0819824028489405,-0.0234386223187531,0.5,-0.05,-0.306,-0.0952927513412015,4.84879444977018,NA,206.498963086793,1.29903810567666
"12",19,"Complex",0.0819824028489405,-0.0234386223187531,0.5,-0.05,-0.323,0.128414509728696,5.01206308852133,NA,217.12231037921,1.47224318643355
"12",20,"Simple",0.0819824028489405,-0.0234386223187531,-0.5,0.05,0.34,0.0772623410646852,5.68047229753856,293.087821895748,219.555160150631,1.64544826719043
"13",1,"Simple",-0.254895736299317,-0.0627713167698209,-0.5,0.05,0.017,-0.0853234128521164,5.64400953407875,282.593518312216,221.650408126732,-1.64544826719043
"13",2,"Simple",-0.254895736299317,-0.0627713167698209,-0.5,0.05,0.034,-0.00287802948783972,5.6606836006732,287.345004670404,208.658959952534,-1.47224318643355
"13",3,"Simple",-0.254895736299317,-0.0627713167698209,-0.5,0.05,0.051,0.0688726112846929,5.66666292467591,289.068280431696,203.257910096969,-1.29903810567666
"13",4,"Complex",-0.254895736299317,-0.0627713167698209,0.5,-0.05,-0.068,-0.0307804793772071,5.26523851724419,NA,209.001934128162,-1.12583302491977
"13",5,"Simple",-0.254895736299317,-0.0627713167698209,-0.5,0.05,0.085,-0.079446618979882,5.3868010608717,NA,223.171367150607,-0.952627944162882
"13",6,"Simple",-0.254895736299317,-0.0627713167698209,-0.5,0.05,0.102,-0.0100180609689317,5.39045830211283,219.30386995304,216.363918181362,-0.779422863405995
"13",7,"Complex",-0.254895736299317,-0.0627713167698209,0.5,-0.05,-0.119,-0.084915800661168,4.91178924565077,NA,213.516536648625,-0.606217782649107
"13",8,"Complex",-0.254895736299317,-0.0627713167698209,0.5,-0.05,-0.136,0.0592744586861734,4.95620818822829,NA,232.651496433613,-0.433012701892219
"13",9,"Simple",-0.254895736299317,-0.0627713167698209,-0.5,0.05,0.153,0.0334680848836898,5.23663049765598,NA,220.290480234112,-0.259807621135332
"13",10,"Complex",-0.254895736299317,-0.0627713167698209,0.5,-0.05,-0.17,0.0371026732019911,4.73449376920446,NA,199.502126373909,-0.0866025403784439
"13",11,"Complex",-0.254895736299317,-0.0627713167698209,0.5,-0.05,-0.187,0.0382420789993939,4.63586185823205,NA,216.011021926252,0.0866025403784439
"13",12,"Simple",-0.254895736299317,-0.0627713167698209,-0.5,0.05,0.204,-0.0641602469891324,4.9416882154737,NA,213.437259017077,0.259807621135332
"13",13,"Simple",-0.254895736299317,-0.0627713167698209,-0.5,0.05,0.221,-0.0849632803031033,4.85511386538991,NA,217.453925921926,0.433012701892219
"13",14,"Complex",-0.254895736299317,-0.0627713167698209,0.5,-0.05,-0.238,-0.0398345296844994,4.25847129923869,NA,210.576914731179,0.606217782649107
"13",15,"Simple",-0.254895736299317,-0.0627713167698209,-0.5,0.05,0.255,0.00671292450817985,4.81524743666155,NA,218.777021422979,0.779422863405995
"13",16,"Complex",-0.254895736299317,-0.0627713167698209,0.5,-0.05,-0.272,0.0190710793743218,4.11783427475787,NA,212.922883628928,0.952627944162882
"13",17,"Simple",-0.254895736299317,-0.0627713167698209,-0.5,0.05,0.289,-0.0304848979612932,4.64650698065243,NA,214.624857108671,1.12583302491977
"13",18,"Complex",-0.254895736299317,-0.0627713167698209,0.5,-0.05,-0.306,-0.0804041412021113,3.81881642064179,NA,200.538974329484,1.29903810567666
"13",19,"Simple",-0.254895736299317,-0.0627713167698209,-0.5,0.05,0.323,0.0124269817411845,4.55787622681527,NA,193.260818854708,1.47224318643355
"13",20,"Simple",-0.254895736299317,-0.0627713167698209,-0.5,0.05,0.34,-0.140460558964989,4.33921736933928,NA,221.251087296804,1.64544826719043
"14",1,"Complex",0.136008036261504,0.0160284771924172,0.5,-0.05,-0.017,-0.0705746571820689,5.99446185627185,401.2007222345,205.076551337816,-1.64544826719043
"14",2,"Simple",0.136008036261504,0.0160284771924172,-0.5,0.05,0.034,-0.0139365404290735,6.19812845021726,491.827699170025,194.113878018682,-1.47224318643355
"14",3,"Complex",0.136008036261504,0.0160284771924172,0.5,-0.05,-0.051,-0.0727887494930536,5.9503047183457,383.870293561935,212.827619170694,-1.29903810567666
"14",4,"Complex",0.136008036261504,0.0160284771924172,0.5,-0.05,-0.068,0.0151483506107364,6.01727029564191,410.456639840817,198.090989807711,-1.12583302491977
"14",5,"Simple",0.136008036261504,0.0160284771924172,-0.5,0.05,0.085,0.037328408454839,6.28847883067843,538.33380905321,206.43638254983,-0.952627944162882
"14",6,"Simple",0.136008036261504,0.0160284771924172,-0.5,0.05,0.102,0.0182355410171803,6.28241444043319,535.079021877759,204.947740737817,-0.779422863405995
"14",7,"Complex",0.136008036261504,0.0160284771924172,0.5,-0.05,-0.119,0.0920099459591772,6.0312173225676,416.221396812664,208.975961946741,-0.606217782649107
"14",8,"Simple",0.136008036261504,0.0160284771924172,-0.5,0.05,0.136,-0.0638855754542943,6.22635027834655,505.90569497297,197.374171540554,-0.433012701892219
"14",9,"Simple",0.136008036261504,0.0160284771924172,-0.5,0.05,0.153,0.0404643318173637,6.34372866281062,568.913648674355,189.650683642362,-0.259807621135332
"14",10,"Simple",0.136008036261504,0.0160284771924172,-0.5,0.05,0.17,0.0143029500633794,6.33059575824906,561.491007127633,186.389296922395,-0.0866025403784439
"14",11,"Complex",0.136008036261504,0.0160284771924172,0.5,-0.05,-0.187,-0.0111565595553447,5.84416472582275,345.214072921823,212.562233365644,0.0866025403784439
"14",12,"Simple",0.136008036261504,0.0160284771924172,-0.5,0.05,0.204,-0.0928997624397825,6.24945000013073,517.727996017534,209.211256750402,0.259807621135332
"14",13,"Simple",0.136008036261504,0.0160284771924172,-0.5,0.05,0.221,0.113933916350277,6.46931215611321,645.039887593042,221.25545644218,0.433012701892219
"14",14,"Complex",0.136008036261504,0.0160284771924172,0.5,-0.05,-0.238,-0.0457659997347096,5.74664071722064,313.136975814093,214.292287671929,0.606217782649107
"14",15,"Complex",0.136008036261504,0.0160284771924172,0.5,-0.05,-0.255,-0.129121321176524,5.64231387297124,282.114741510299,204.119439790406,0.779422863405995
"14",16,"Simple",0.136008036261504,0.0160284771924172,-0.5,0.05,0.272,-0.0293960740210822,6.3650675973191,581.184113477195,209.07995871782,0.952627944162882
"14",17,"Complex",0.136008036261504,0.0160284771924172,0.5,-0.05,-0.289,-0.0808080656984014,5.6486840828342,283.917607840969,209.704769479406,1.12583302491977
"14",18,"Complex",0.136008036261504,0.0160284771924172,0.5,-0.05,-0.306,0.153717509086317,5.86223813481133,351.509991023544,202.388148992929,1.29903810567666
"14",19,"Simple",0.136008036261504,0.0160284771924172,-0.5,0.05,0.323,0.00371650742478489,6.43726561034222,624.696299189892,228.440951459218,1.47224318643355
"14",20,"Simple",0.136008036261504,0.0160284771924172,-0.5,0.05,0.34,0.112025601363764,6.55860318147361,705.285849891056,202.799306261872,1.64544826719043
"15",1,"Simple",0.673522613825823,-0.0308426611926139,-0.5,0.05,0.017,-0.0711430177527784,6.61853693488043,748.848680858473,216.499052269469,-1.64544826719043
"15",2,"Simple",0.673522613825823,-0.0308426611926139,-0.5,0.05,0.034,0.060879848344949,6.71671713978554,826.10108071884,216.765722289992,-1.47224318643355
"15",3,"Simple",0.673522613825823,-0.0308426611926139,-0.5,0.05,0.051,-0.027344530138953,6.59465010010903,731.173004571736,214.440028692077,-1.29903810567666
"15",4,"Complex",0.673522613825823,-0.0308426611926139,0.5,-0.05,-0.068,-0.0594972598204325,6.29265470923493,540.586525925151,209.661336225657,-1.12583302491977
"15",5,"Complex",0.673522613825823,-0.0308426611926139,0.5,-0.05,-0.085,-0.132843324280257,6.1514659835825,469.405022684592,203.085334016865,-0.952627944162882
"15",6,"Complex",0.673522613825823,-0.0308426611926139,0.5,-0.05,-0.102,0.00882378463512739,6.22529043130527,505.369796354431,200.740869507133,-0.779422863405995
"15",7,"Simple",0.673522613825823,-0.0308426611926139,-0.5,0.05,0.119,-0.0326506751241078,6.45397331035342,635.22121630141,213.019620743094,-0.606217782649107
"15",8,"Complex",0.673522613825823,-0.0308426611926139,0.5,-0.05,-0.136,0.0702990510258047,6.15108037531072,469.224051119338,216.628819768958,-0.433012701892219
"15",9,"Simple",0.673522613825823,-0.0308426611926139,-0.5,0.05,0.153,-0.0136373778162599,6.40530128527604,605.044062087784,215.828989696408,-0.259807621135332
"15",10,"Complex",0.673522613825823,-0.0308426611926139,0.5,-0.05,-0.17,-0.0479732363436717,5.89712276555601,363.988679018669,209.216113408014,-0.0866025403784439
"15",11,"Simple",0.673522613825823,-0.0308426611926139,-0.5,0.05,0.187,-0.0308679885349416,6.32038535217213,555.787124966385,206.55399365025,0.0866025403784439
"15",12,"Simple",0.673522613825823,-0.0308426611926139,-0.5,0.05,0.204,-0.0144351963626959,6.30297548315176,546.194687745892,219.352895857558,0.259807621135332
"15",13,"Complex",0.673522613825823,-0.0308426611926139,0.5,-0.05,-0.221,0.0947125064186338,5.83628052474048,342.503036974046,215.501355547421,0.433012701892219
"15",14,"Complex",0.673522613825823,-0.0308426611926139,0.5,-0.05,-0.238,0.0273930764533412,5.70111843358257,299.201851300415,217.826942124409,0.606217782649107
"15",15,"Complex",0.673522613825823,-0.0308426611926139,0.5,-0.05,-0.255,0.0208774405523217,5.62676013648893,277.760751346524,202.067622799435,0.779422863405995
"15",16,"Simple",0.673522613825823,-0.0308426611926139,-0.5,0.05,0.272,-0.0192999945548026,6.1627400401892,474.727065617335,198.554133772839,0.952627944162882
"15",17,"Complex",0.673522613825823,-0.0308426611926139,0.5,-0.05,-0.289,0.080093558101674,5.55029093165306,257.312405340651,208.81981594651,1.12583302491977
"15",18,"Simple",0.673522613825823,-0.0308426611926139,-0.5,0.05,0.306,-0.0196999158457857,6.09465479651298,443.480927587656,203.576888397147,1.29903810567666
"15",19,"Complex",0.673522613825823,-0.0308426611926139,0.5,-0.05,-0.323,0.0383621541429788,5.37287420530914,215.48131604743,206.744825186047,1.47224318643355
"15",20,"Simple",0.673522613825823,-0.0308426611926139,-0.5,0.05,0.34,0.0840802848397515,6.13074967481329,459.780717534573,209.975953124302,1.64544826719043
"16",1,"Simple",-0.0681314485675736,0.0170020089247,-0.5,0.05,0.017,0.125087468458937,6.12095802881606,455.300676792719,207.798784737636,-1.64544826719043
"16",2,"Simple",-0.0681314485675736,0.0170020089247,-0.5,0.05,0.034,-0.0175935126592146,5.99227905662261,400.325936527033,219.543847225368,-1.47224318643355
"16",3,"Complex",-0.0681314485675736,0.0170020089247,0.5,-0.05,-0.051,0.071731563337371,5.8936061415439,362.710915713258,197.408090481506,-1.29903810567666
"16",4,"Simple",-0.0681314485675736,0.0170020089247,-0.5,0.05,0.068,0.0101055287003945,6.04798211583162,423.258081959039,211.4519245715,-1.12583302491977
"16",5,"Complex",-0.0681314485675736,0.0170020089247,0.5,-0.05,-0.085,-0.071446040830471,5.71043255522546,302.001672435508,222.372083760639,-0.952627944162882
"16",6,"Simple",-0.0681314485675736,0.0170020089247,-0.5,0.05,0.102,0.152395322349481,6.21827592733011,501.837281811888,232.35805312428,-0.779422863405995
"16",7,"Complex",-0.0681314485675736,0.0170020089247,0.5,-0.05,-0.119,0.0569903803463705,5.7988729942517,329.927520091854,205.619675573517,-0.606217782649107
"16",8,"Complex",-0.0681314485675736,0.0170020089247,0.5,-0.05,-0.136,-0.0156288654102621,5.70625575741976,300.74290315515,211.85447889951,-0.433012701892219
"16",9,"Simple",-0.0681314485675736,0.0170020089247,-0.5,0.05,0.153,-0.00688135011311854,6.10100528164161,446.306208079026,204.619809320584,-0.259807621135332
"16",10,"Complex",-0.0681314485675736,0.0170020089247,0.5,-0.05,-0.17,-0.156285272046826,5.5256033686326,251.037760644791,201.459658125507,-0.0866025403784439
"16",11,"Simple",-0.0681314485675736,0.0170020089247,-0.5,0.05,0.187,-0.00633137893330199,6.12955927067082,459.233718303462,193.329004046811,0.0866025403784439
"16",12,"Simple",-0.0681314485675736,0.0170020089247,-0.5,0.05,0.204,0.0761516035106378,6.22604426203946,505.750903266063,201.37800451134,0.259807621135332
"16",13,"Simple",-0.0681314485675736,0.0170020089247,-0.5,0.05,0.221,0.12887984954496,6.29277451699849,540.651296267746,242.892732707512,0.433012701892219
"16",14,"Complex",-0.0681314485675736,0.0170020089247,0.5,-0.05,-0.238,0.110638041434981,5.71253471781321,302.637196806482,218.667232682018,0.606217782649107
"16",15,"Simple",-0.0681314485675736,0.0170020089247,-0.5,0.05,0.255,-0.0590986228784805,6.13280006242444,460.724413362154,210.364036971018,0.779422863405995
"16",16,"Complex",-0.0681314485675736,0.0170020089247,0.5,-0.05,-0.272,0.0184696751667227,5.58037036939435,265.169798378964,203.508377148191,0.952627944162882
"16",17,"Complex",-0.0681314485675736,0.0170020089247,0.5,-0.05,-0.289,-0.00793505938281386,5.53396764376951,253.146315518076,196.912802475323,1.12583302491977
"16",18,"Simple",-0.0681314485675736,0.0170020089247,-0.5,0.05,0.306,0.0586648169269943,6.29256952900402,540.540480601147,226.027926824877,1.29903810567666
"16",19,"Complex",-0.0681314485675736,0.0170020089247,0.5,-0.05,-0.323,-0.0537012439479419,5.44820547705378,232.340850590968,214.012519797003,1.47224318643355
"16",20,"Complex",-0.0681314485675736,0.0170020089247,0.5,-0.05,-0.34,0.02548221472573,5.50739094465216,246.507136566565,213.0892411648,1.64544826719043
"17",1,"Complex",-0.351579119932835,0.0491466147962267,0.5,-0.05,-0.017,-0.121805992659445,5.48876150220395,241.957357560857,210.771559708442,-1.64544826719043
"17",2,"Complex",-0.351579119932835,0.0491466147962267,0.5,-0.05,-0.034,-0.0352181920822913,5.58749591757733,267.066026362756,204.741356655326,-1.47224318643355
"17",3,"Simple",-0.351579119932835,0.0491466147962267,-0.5,0.05,0.051,-0.09391603286294,5.74294469159291,311.981749714219,213.857959578531,-1.29903810567666
"17",4,"Simple",-0.351579119932835,0.0491466147962267,-0.5,0.05,0.068,0.103092695250126,5.9861000345022,397.859940278579,217.686333346007,-1.12583302491977
"17",5,"Simple",-0.351579119932835,0.0491466147962267,-0.5,0.05,0.085,-0.0210068769769371,5.90814707707136,368.02360387305,215.385965012152,-0.952627944162882
"17",6,"Complex",-0.351579119932835,0.0491466147962267,0.5,-0.05,-0.102,-0.0980017246274254,5.5732988442171,263.301257975321,197.632054332006,-0.779422863405995
"17",7,"Complex",-0.351579119932835,0.0491466147962267,0.5,-0.05,-0.119,0.0256535187874217,5.70910070242817,301.599718394515,214.89907182127,-0.606217782649107
"17",8,"Simple",-0.351579119932835,0.0491466147962267,-0.5,0.05,0.136,0.0569581313290464,6.12455192976602,456.939926213192,198.203160524956,-0.433012701892219
"17",9,"Complex",-0.351579119932835,0.0491466147962267,0.5,-0.05,-0.153,0.0272766666043326,5.73501707983754,309.518257235609,204.444527487008,-0.259807621135332
"17",10,"Simple",-0.351579119932835,0.0491466147962267,-0.5,0.05,0.17,0.00284699131412301,6.16273401934355,474.724207367556,205.447743178633,-0.0866025403784439
"17",11,"Simple",-0.351579119932835,0.0491466147962267,-0.5,0.05,0.187,-0.0608011880521719,6.14523245477349,466.48807384021,197.388811283958,0.0866025403784439
"17",12,"Simple",-0.351579119932835,0.0491466147962267,-0.5,0.05,0.204,0.0058234069809353,6.25800366460282,522.175461530551,199.724671095312,0.259807621135332
"17",13,"Complex",-0.351579119932835,0.0491466147962267,0.5,-0.05,-0.221,0.00678063798585171,5.76310751040396,318.336025996299,198.75004768676,0.433012701892219
"17",14,"Simple",-0.351579119932835,0.0491466147962267,-0.5,0.05,0.238,-0.00554088951619886,6.33893259769814,566.191634468317,210.046729126565,0.606217782649107
"17",15,"Simple",-0.351579119932835,0.0491466147962267,-0.5,0.05,0.255,-0.0470307667715163,6.34358933523905,568.834388838919,218.020268793915,0.779422863405995
"17",16,"Complex",-0.351579119932835,0.0491466147962267,0.5,-0.05,-0.272,-0.0824255459373582,5.71034117086943,301.97407546814,195.3804861672,0.952627944162882
"17",17,"Complex",-0.351579119932835,0.0491466147962267,0.5,-0.05,-0.289,-0.0910926344999999,5.71382069710302,303.026632323238,218.764862731157,1.12583302491977
"17",18,"Simple",-0.351579119932835,0.0491466147962267,-0.5,0.05,0.306,-0.024998042832793,6.50406190356645,667.848868758786,211.841921787702,1.29903810567666
"17",19,"Simple",-0.351579119932835,0.0491466147962267,-0.5,0.05,0.323,0.0762214033349671,6.65142796453044,773.888622402426,195.359485945506,1.47224318643355
"17",20,"Complex",-0.351579119932835,0.0491466147962267,0.5,-0.05,-0.34,0.106996698032166,5.94834987402387,383.120619884643,194.31675202669,1.64544826719043
"18",1,"Complex",-0.336643925704672,-0.015879614861695,0.5,-0.05,-0.017,0.0600112239314356,5.62048768336507,276.023962711004,219.361760780647,-1.64544826719043
"18",2,"Simple",-0.336643925704672,-0.015879614861695,-0.5,0.05,0.034,0.000396748964533179,5.67599359353647,291.778103404863,205.323565597591,-1.47224318643355
"18",3,"Complex",-0.336643925704672,-0.015879614861695,0.5,-0.05,-0.051,0.0568193018096273,5.51153653151987,247.531174467167,200.878205667202,-1.29903810567666
"18",4,"Complex",-0.336643925704672,-0.015879614861695,0.5,-0.05,-0.068,0.00928257092491437,5.41112018577346,223.882236964234,198.973656008734,-1.12583302491977
"18",5,"Simple",-0.336643925704672,-0.015879614861695,-0.5,0.05,0.085,-0.185525273998849,5.433432725988,228.933765017941,201.23960477565,-0.952627944162882
"18",6,"Complex",-0.336643925704672,-0.015879614861695,0.5,-0.05,-0.102,-0.00270853170370891,5.29336985342145,NA,201.35210050448,-0.779422863405995
"18",7,"Complex",-0.336643925704672,-0.015879614861695,0.5,-0.05,-0.119,0.0702163908112635,5.31341516107473,NA,208.611324245357,-0.606217782649107
"18",8,"Simple",-0.336643925704672,-0.015879614861695,-0.5,0.05,0.136,-0.0695356173447931,5.49278353805698,242.932478398831,187.115425187542,-0.433012701892219
"18",9,"Simple",-0.336643925704672,-0.015879614861695,-0.5,0.05,0.153,0.087479503949188,5.63091904448926,278.91833823765,215.898093628509,-0.259807621135332
"18",10,"Simple",-0.336643925704672,-0.015879614861695,-0.5,0.05,0.17,0.0362794112116007,5.56083933688998,260.041006760776,196.298647002853,-0.0866025403784439
"18",11,"Complex",-0.336643925704672,-0.015879614861695,0.5,-0.05,-0.187,0.141301044153095,5.17298135496978,NA,217.626046179049,0.0866025403784439
"18",12,"Complex",-0.336643925704672,-0.015879614861695,0.5,-0.05,-0.204,-0.00953870305853865,4.96926199289645,NA,197.870420695248,0.259807621135332
"18",13,"Simple",-0.336643925704672,-0.015879614861695,-0.5,0.05,0.221,0.031496916286239,5.49941799737953,244.549562352285,207.541673377689,0.433012701892219
"18",14,"Simple",-0.336643925704672,-0.015879614861695,-0.5,0.05,0.238,-0.079674630632553,5.36936683559905,NA,227.016085674243,0.606217782649107
"18",15,"Complex",-0.336643925704672,-0.015879614861695,0.5,-0.05,-0.255,0.0714578790146815,4.89161973038459,NA,205.254740203016,0.779422863405995
"18",16,"Simple",-0.336643925704672,-0.015879614861695,-0.5,0.05,0.272,0.00365897220847474,5.41494120871668,224.739332576438,211.293923421291,0.952627944162882
"18",17,"Complex",-0.336643925704672,-0.015879614861695,0.5,-0.05,-0.289,-0.0027204534408899,4.71168216820562,NA,205.686251617479,1.12583302491977
"18",18,"Simple",-0.336643925704672,-0.015879614861695,-0.5,0.05,0.306,-0.0880000599044297,5.28552294688039,NA,198.607898379502,1.29903810567666
"18",19,"Complex",-0.336643925704672,-0.015879614861695,0.5,-0.05,-0.323,-0.0185431318737573,4.59010026004937,NA,211.003827599508,1.47224318643355
"18",20,"Simple",-0.336643925704672,-0.015879614861695,-0.5,0.05,0.34,-0.0663731754143488,5.26939060164708,NA,226.681244689299,1.64544826719043
"19",1,"Complex",-0.526188353332889,0.0434573137363679,0.5,-0.05,-0.017,0.0264784702615029,5.45674743066498,234.333995917025,195.784188628956,-1.64544826719043
"19",2,"Simple",-0.526188353332889,0.0434573137363679,-0.5,0.05,0.034,0.0756724075896487,5.6803986817295,293.066246792755,197.347543596058,-1.47224318643355
"19",3,"Complex",-0.526188353332889,0.0434573137363679,0.5,-0.05,-0.051,0.0718864989232813,5.5150700867995,248.407386716087,208.581368503652,-1.29903810567666
"19",4,"Simple",-0.526188353332889,0.0434573137363679,-0.5,0.05,0.068,0.0385388804307766,5.72417978204336,306.182026226161,201.860968390967,-1.12583302491977
"19",5,"Complex",-0.526188353332889,0.0434573137363679,0.5,-0.05,-0.085,0.0348442213950739,5.49094243674402,242.48562656986,220.99238221412,-0.952627944162882
"19",6,"Simple",-0.526188353332889,0.0434573137363679,-0.5,0.05,0.102,0.0456733136712176,5.81222884275654,334.363539528812,217.080318577012,-0.779422863405995
"19",7,"Simple",-0.526188353332889,0.0434573137363679,-0.5,0.05,0.119,0.0491441643705632,5.85615700719225,349.378900193728,198.335218909313,-0.606217782649107
"19",8,"Complex",-0.526188353332889,0.0434573137363679,0.5,-0.05,-0.136,0.0455096529718702,5.52097980952992,249.879751845433,226.624485901852,-0.433012701892219
"19",9,"Complex",-0.526188353332889,0.0434573137363679,0.5,-0.05,-0.153,-0.0587898186767109,5.42313765161771,226.588965533869,206.175386768963,-0.259807621135332
"19",10,"Simple",-0.526188353332889,0.0434573137363679,-0.5,0.05,0.17,0.0417699253422308,5.97015470937302,391.566245032328,212.90737624309,-0.0866025403784439
"19",11,"Complex",-0.526188353332889,0.0434573137363679,0.5,-0.05,-0.187,0.135014544168413,5.62985664193557,278.622172034556,219.605299606275,0.0866025403784439
"19",12,"Complex",-0.526188353332889,0.0434573137363679,0.5,-0.05,-0.204,-0.0270047179576365,5.47429469354589,238.482204561299,212.917866810313,0.259807621135332
"19",13,"Complex",-0.526188353332889,0.0434573137363679,0.5,-0.05,-0.221,0.101981615226305,5.6097383404662,273.072776560471,202.81298063685,0.433012701892219
"19",14,"Simple",-0.526188353332889,0.0434573137363679,-0.5,0.05,0.238,-0.114193286273519,5.97602075270274,393.869939772797,214.135734922446,0.606217782649107
"19",15,"Complex",-0.526188353332889,0.0434573137363679,0.5,-0.05,-0.255,-0.142981337208052,5.37769001550458,216.52153590648,198.554869351,0.779422863405995
"19",16,"Complex",-0.526188353332889,0.0434573137363679,0.5,-0.05,-0.272,0.0510436226540543,5.57817228910305,264.587573993694,207.15417647145,0.952627944162882
"19",17,"Simple",-0.526188353332889,0.0434573137363679,-0.5,0.05,0.289,0.00496751730796311,6.21655349749333,500.973646293795,227.571584376115,1.12583302491977
"19",18,"Complex",-0.526188353332889,0.0434573137363679,0.5,-0.05,-0.306,-0.0440158357109284,5.4960274582108,243.721811536184,208.16841300764,1.29903810567666
"19",19,"Complex",-0.526188353332889,0.0434573137363679,0.5,-0.05,-0.323,0.105809736732141,5.65231034439024,284.949036331855,201.445318310896,1.47224318643355
"19",20,"Complex",-0.526188353332889,0.0434573137363679,0.5,-0.05,-0.34,0.178217812817351,5.73117573421182,308.331571326681,212.11942015986,1.64544826719043
"20",1,"Simple",-0.536738646386188,-0.00363349034925481,-0.5,0.05,0.017,0.0909032181499202,5.59753108141448,269.759570165025,215.545240970988,-1.64544826719043
"20",2,"Complex",-0.536738646386188,-0.00363349034925481,0.5,-0.05,-0.034,-0.0486862752563376,5.28330809765896,NA,216.005621801158,-1.47224318643355
"20",3,"Simple",-0.536738646386188,-0.00363349034925481,-0.5,0.05,0.051,0.0501754446980868,5.54353632726413,255.580218542354,218.598380336505,-1.29903810567666
"20",4,"Simple",-0.536738646386188,-0.00363349034925481,-0.5,0.05,0.068,-0.00634691178530935,5.48038048043148,239.937981715916,231.680443564298,-1.12583302491977
"20",5,"Complex",-0.536738646386188,-0.00363349034925481,0.5,-0.05,-0.085,-0.0357094763209645,5.17438442554657,NA,219.972866847483,-0.952627944162882
"20",6,"Complex",-0.536738646386188,-0.00363349034925481,0.5,-0.05,-0.102,-0.0809958205415897,5.08846459097669,NA,210.321497188462,-0.779422863405995
"20",7,"Complex",-0.536738646386188,-0.00363349034925481,0.5,-0.05,-0.119,0.0192272608170913,5.14805418198612,NA,220.476822056228,-0.606217782649107
"20",8,"Simple",-0.536738646386188,-0.00363349034925481,-0.5,0.05,0.136,0.117843349153662,5.57803677997344,264.551722390999,196.950880857533,-0.433012701892219
"20",9,"Complex",-0.536738646386188,-0.00363349034925481,0.5,-0.05,-0.153,-0.0249894560016681,5.02257048446885,NA,214.202669819073,-0.259807621135332
"20",10,"Simple",-0.536738646386188,-0.00363349034925481,-0.5,0.05,0.17,-0.0774656271035774,5.36946082301769,214.74704981769,207.354738688917,-0.0866025403784439
"20",11,"Complex",-0.536738646386188,-0.00363349034925481,0.5,-0.05,-0.187,-0.167988987582536,4.79830397218947,NA,207.917135408669,0.0866025403784439
"20",12,"Simple",-0.536738646386188,-0.00363349034925481,-0.5,0.05,0.204,0.00377396362919506,5.43743343305195,229.851496512185,190.472306564056,0.259807621135332
"20",13,"Complex",-0.536738646386188,-0.00363349034925481,0.5,-0.05,-0.221,0.052516623957694,4.93754260303119,NA,221.573718506219,0.433012701892219
"20",14,"Complex",-0.536738646386188,-0.00363349034925481,0.5,-0.05,-0.238,-0.0817068496763692,4.76268563904787,NA,201.651010589413,0.606217782649107
"20",15,"Simple",-0.536738646386188,-0.00363349034925481,-0.5,0.05,0.255,-0.133310678214558,5.28044832016043,NA,214.759107589006,0.779422863405995
"20",16,"Simple",-0.536738646386188,-0.00363349034925481,-0.5,0.05,0.272,-0.0115418705723389,5.3955836374534,220.43076120896,212.311747488095,0.952627944162882
"20",17,"Complex",-0.536738646386188,-0.00363349034925481,0.5,-0.05,-0.289,0.038821455922038,4.76131347359852,NA,205.635725253244,1.12583302491977
"20",18,"Simple",-0.536738646386188,-0.00363349034925481,-0.5,0.05,0.306,0.0153994826751949,5.40925801000242,223.465716824212,208.274655267623,1.29903810567666
"20",19,"Simple",-0.536738646386188,-0.00363349034925481,-0.5,0.05,0.323,0.028530669343086,5.41575570632106,224.922456791423,217.371644627555,1.47224318643355
"20",20,"Complex",-0.536738646386188,-0.00363349034925481,0.5,-0.05,-0.34,-0.0526358582888935,4.54795568833982,NA,214.475598756572,1.64544826719043
